id_cc,nombre,tipo,campo,fuente
400,CAMPO ISLA DE MAIPO,modelo,ISLA DE MAIPO,Codigos de Distribucion Analiticas Donar Uno (Isla).xlsx
420,CEREZOS ISLA DE MAIPO,modelo,ISLA DE MAIPO,Codigos de Distribucion Analiticas Donar Uno (Isla).xlsx
423,CEREZOS RAINIER/LAPINS 2023,modelo,ISLA DE MAIPO,Codigos de Distribucion Analiticas Donar Uno (Isla).xlsx
425,CEREZOS GLOW+TREAT/LAPINS 2023,modelo,ISLA DE MAIPO,Codigos de Distribucion Analiticas Donar Uno (Isla).xlsx
428,CEREZAS RED PACIFIC 2023,modelo,ISLA DE MAIPO,Codigos de Distribucion Analiticas Donar Uno (Isla).xlsx
453,CIRUELAS D`AGEN,modelo,ISLA DE MAIPO,Codigos de Distribucion Analiticas Donar Uno (Isla).xlsx
422,CEREZOS SWEET ARYANA 2023,cuartel,ISLA DE MAIPO,Distribucion Analiticas Donar Dos (Isla).xlsx
424,CEREZOS SANTINA 2023,cuartel,ISLA DE MAIPO,Distribucion Analiticas Donar Dos (Isla).xlsx
426,CEREZOS GLOW 2023,cuartel,ISLA DE MAIPO,Distribucion Analiticas Donar Dos (Isla).xlsx
427,CEREZOS TREAT/LAPINS 2023,cuartel,ISLA DE MAIPO,Distribucion Analiticas Donar Dos (Isla).xlsx
429,CEREZOS RED PACIFIC 2023-ORIENTE,cuartel,ISLA DE MAIPO,Distribucion Analiticas Donar Dos (Isla).xlsx
430,CEREZOS RED PACIFIC 2023-PONIENTE,cuartel,ISLA DE MAIPO,Distribucion Analiticas Donar Dos (Isla).xlsx
431,CEREZOS LAPINS 2023,cuartel,ISLA DE MAIPO,Distribucion Analiticas Donar Dos (Isla).xlsx
432,CEREZOS RAINIER 2023,cuartel,ISLA DE MAIPO,Distribucion Analiticas Donar Dos (Isla).xlsx
451,CIRUELAS D`AGEN 2025 ORIENTE,cuartel,ISLA DE MAIPO,Distribucion Analiticas Donar Dos (Isla).xlsx
452,CIRUELAS D`AGEN 2025 PONIENTE,cuartel,ISLA DE MAIPO,Distribucion Analiticas Donar Dos (Isla).xlsx
K0001,KONTROLAG,cuartel,KONTROLAG,Distribucion Analiticas Kontrolag.xlsx
K0002,INNOVACION Y DESARROLLO,cuartel,KONTROLAG,Distribucion Analiticas Kontrolag.xlsx
K0003,SUPERVISION POR DISTRIBUIR,cuartel,KONTROLAG,Distribucion Analiticas Kontrolag.xlsx
K0004,HN Y FD POR DISTRIBUIR,cuartel,KONTROLAG,Distribucion Analiticas Kontrolag.xlsx
K0005,MG POR DISTRIBUIR,cuartel,KONTROLAG,Distribucion Analiticas Kontrolag.xlsx
K0006,VENTA Y REPOSICIÓN MATERIALES,cuartel,KONTROLAG,Distribucion Analiticas Kontrolag.xlsx
K0101,DONAR 2 SANTINA 2018,cuartel,KONTROLAG,Distribucion Analiticas Kontrolag.xlsx
K0102,AGRICOLA EL MILAGRO,cuartel,KONTROLAG,Distribucion Analiticas Kontrolag.xlsx
K0103,TRIO RIEGO,cuartel,KONTROLAG,Distribucion Analiticas Kontrolag.xlsx
K0104,AGRICOLA BP SPA (2021-2022),cuartel,KONTROLAG,Distribucion Analiticas Kontrolag.xlsx
K0105,POSTES DONAR 2 SANTINA 2019,cuartel,KONTROLAG,Distribucion Analiticas Kontrolag.xlsx
K0106,AGROBERRIES,cuartel,KONTROLAG,Distribucion Analiticas Kontrolag.xlsx
K0107,POSTES DONAR 2 SANTINA 2020,cuartel,KONTROLAG,Distribucion Analiticas Kontrolag.xlsx
K0108,AGRICOLA WEINBERG (TANNENBERG),cuartel,KONTROLAG,Distribucion Analiticas Kontrolag.xlsx
K0109,RINCONADA DE LOS ALAMOS (TUNICHE GRANEROS),cuartel,KONTROLAG,Distribucion Analiticas Kontrolag.xlsx
K0110,PROYECTO AGRICOLA BEMA,cuartel,KONTROLAG,Distribucion Analiticas Kontrolag.xlsx
K0111,CAMPOSOL,cuartel,KONTROLAG,Distribucion Analiticas Kontrolag.xlsx
K0112,VENTILACIÓN AGRICOLA BP,cuartel,KONTROLAG,Distribucion Analiticas Kontrolag.xlsx
K0113,AGRICOLA BP - FENIX,cuartel,KONTROLAG,Distribucion Analiticas Kontrolag.xlsx
K0114,VENTILACIÓN AGRICOLA PANDA,cuartel,KONTROLAG,Distribucion Analiticas Kontrolag.xlsx
K0115,AGRICOLA PERSICA (TUNICHE SANTA CRUZ),cuartel,KONTROLAG,Distribucion Analiticas Kontrolag.xlsx
K0116,DONAR 2 SANTINA 2019,cuartel,KONTROLAG,Distribucion Analiticas Kontrolag.xlsx
K0117,TRAZADO AGRICOLA BP,cuartel,KONTROLAG,Distribucion Analiticas Kontrolag.xlsx
K0118,AGRICOLA RAIMUNDO (CMORENO),cuartel,KONTROLAG,Distribucion Analiticas Kontrolag.xlsx
K0119,RENOVACION PLASTICOS 2023,cuartel,KONTROLAG,Distribucion Analiticas Kontrolag.xlsx
K0120,DONAR 2 SANTINA 2020,cuartel,KONTROLAG,Distribucion Analiticas Kontrolag.xlsx
K0121,RENOVACION PLASTICOS 2024,cuartel,KONTROLAG,Distribucion Analiticas Kontrolag.xlsx
K0122,PUERTAS Y PERIMETRO AGRICOLA BP,cuartel,KONTROLAG,Distribucion Analiticas Kontrolag.xlsx
K0123,PROYECTO CORFO,cuartel,KONTROLAG,Distribucion Analiticas Kontrolag.xlsx
K0124,AGRICOLA VENTOLERA,cuartel,KONTROLAG,Distribucion Analiticas Kontrolag.xlsx
K0125,LOS MOSTOS,cuartel,KONTROLAG,Distribucion Analiticas Kontrolag.xlsx
K0126,AGRICOLA HC LIMITADA,cuartel,KONTROLAG,Distribucion Analiticas Kontrolag.xlsx
K0127,INVALS QUIVOLGO,cuartel,KONTROLAG,Distribucion Analiticas Kontrolag.xlsx
K0128,AGRICOLA DONAR UNO PEONIAS,cuartel,KONTROLAG,Distribucion Analiticas Kontrolag.xlsx
K0129,INVERSIONES SAN FRANCISCO SPA,cuartel,KONTROLAG,Distribucion Analiticas Kontrolag.xlsx
K0130,AGRÍCOLA RETIRO SPA,cuartel,KONTROLAG,Distribucion Analiticas Kontrolag.xlsx
K0131,Agricola Flores,cuartel,KONTROLAG,Distribucion Analiticas Kontrolag.xlsx
K0132,Agricola Mansel,cuartel,KONTROLAG,Distribucion Analiticas Kontrolag.xlsx
K0133,Proyecto Pimentones,cuartel,KONTROLAG,Distribucion Analiticas Kontrolag.xlsx
K0134,PUERTAS Y PERÍMETROS AGRÍCOLA HC,cuartel,KONTROLAG,Distribucion Analiticas Kontrolag.xlsx
K0135,Agricola Curico,cuartel,KONTROLAG,Distribucion Analiticas Kontrolag.xlsx
K0136,Macaya & Waak,cuartel,KONTROLAG,Distribucion Analiticas Kontrolag.xlsx
K0137,Cogrowers,cuartel,KONTROLAG,Distribucion Analiticas Kontrolag.xlsx
K0138,DONAR 2 SANTINA 2014,cuartel,KONTROLAG,Distribucion Analiticas Kontrolag.xlsx
K0139,DONAR 2 RAINIER 2015,cuartel,KONTROLAG,Distribucion Analiticas Kontrolag.xlsx
K0140,Prueba mallas negras,cuartel,KONTROLAG,Distribucion Analiticas Kontrolag.xlsx
K0141,Agrícola Buenaventura SpA,cuartel,KONTROLAG,Distribucion Analiticas Kontrolag.xlsx
K0142,Agrocover SpA,cuartel,KONTROLAG,Distribucion Analiticas Kontrolag.xlsx
K0143,Proyecto Kiwi D2 Corfo,cuartel,KONTROLAG,Distribucion Analiticas Kontrolag.xlsx
K0144,Proyecto Kiwi Kontrolag,cuartel,KONTROLAG,Distribucion Analiticas Kontrolag.xlsx
K0145,AGRÍCOLA LAS DRUPA SPA,cuartel,KONTROLAG,Distribucion Analiticas Kontrolag.xlsx
K0146,Agricola El Cambio Limitada,cuartel,KONTROLAG,Distribucion Analiticas Kontrolag.xlsx
K0147,Agrícola Malaga Ltda,cuartel,KONTROLAG,Distribucion Analiticas Kontrolag.xlsx
K0148,DONAR 1 CAMPO,cuartel,KONTROLAG,Distribucion Analiticas Kontrolag.xlsx
210,CAMPO TALAGANTE,modelo,TALAGANTE,Codigos de Distribucion Analiticas Donar Uno (Talagante).xlsx
632,PIMENTONES AL1 26/27,modelo,TALAGANTE,Codigos de Distribucion Analiticas Donar Uno (Talagante).xlsx
633,PIMENTONES AL2 26/27,modelo,TALAGANTE,Codigos de Distribucion Analiticas Donar Uno (Talagante).xlsx
634,PIMENTONES AL3 26/27,modelo,TALAGANTE,Codigos de Distribucion Analiticas Donar Uno (Talagante).xlsx
635,PIMENTONES AL4 26/27,modelo,TALAGANTE,Codigos de Distribucion Analiticas Donar Uno (Talagante).xlsx
636,PIMENTONES AL5 26/27,modelo,TALAGANTE,Codigos de Distribucion Analiticas Donar Uno (Talagante).xlsx
637,PIMENTONES MT 26/27,modelo,TALAGANTE,Codigos de Distribucion Analiticas Donar Uno (Talagante).xlsx
638,PIMENTONES PM 26/27,modelo,TALAGANTE,Codigos de Distribucion Analiticas Donar Uno (Talagante).xlsx
640,PIMENTONES 26-27,modelo,TALAGANTE,Codigos de Distribucion Analiticas Donar Uno (Talagante).xlsx
201,FD,cuartel,TALAGANTE,Distribucion Analiticas Donar Uno (Talagante).xlsx
212,4.1 PEONÍAS 2024,cuartel,TALAGANTE,Distribucion Analiticas Donar Uno (Talagante).xlsx
615,2.5 BUNCHING SEMILLERO 26/27,cuartel,TALAGANTE,Distribucion Analiticas Donar Uno (Talagante).xlsx
616,MT PIM.ROJO TEMP 26-27,cuartel,TALAGANTE,Distribucion Analiticas Donar Uno (Talagante).xlsx
617,MT PIM AMARILLO TEMP 26-27,cuartel,TALAGANTE,Distribucion Analiticas Donar Uno (Talagante).xlsx
618,AL1 PIM.AMARILLO TEMP 26-27,cuartel,TALAGANTE,Distribucion Analiticas Donar Uno (Talagante).xlsx
619,AL1 PIM.ROJO TEMP 26-27,cuartel,TALAGANTE,Distribucion Analiticas Donar Uno (Talagante).xlsx
620,AL2 PIM.AMARILLO TEMP 26-27,cuartel,TALAGANTE,Distribucion Analiticas Donar Uno (Talagante).xlsx
621,AL2 PIM.ROJO TEMP 26-27,cuartel,TALAGANTE,Distribucion Analiticas Donar Uno (Talagante).xlsx
622,AL3 PIM.AMARILLO TEMP 26-27,cuartel,TALAGANTE,Distribucion Analiticas Donar Uno (Talagante).xlsx
623,AL3 PIM.ROJO TEMP 26-27,cuartel,TALAGANTE,Distribucion Analiticas Donar Uno (Talagante).xlsx
624,AL4 PIM AMARILLO TEMP 26-27,cuartel,TALAGANTE,Distribucion Analiticas Donar Uno (Talagante).xlsx
625,AL4 PIM ROJO TEMP 26-27,cuartel,TALAGANTE,Distribucion Analiticas Donar Uno (Talagante).xlsx
626,AL5 PIM ROJO TEMP 26-27,cuartel,TALAGANTE,Distribucion Analiticas Donar Uno (Talagante).xlsx
627,AL5 PIM AMARILLO TEMP 26-27,cuartel,TALAGANTE,Distribucion Analiticas Donar Uno (Talagante).xlsx
628,PM PIM AMARILLO TEMP 26-27,cuartel,TALAGANTE,Distribucion Analiticas Donar Uno (Talagante).xlsx
629,PM PIM MORADO TEMP 26-27,cuartel,TALAGANTE,Distribucion Analiticas Donar Uno (Talagante).xlsx
630,PM PIM NARANJO TEMP 26-27,cuartel,TALAGANTE,Distribucion Analiticas Donar Uno (Talagante).xlsx
631,PM PIM ROJO TEMP 26-27,cuartel,TALAGANTE,Distribucion Analiticas Donar Uno (Talagante).xlsx
639,ALMÁCIGO BUNCHING 2026-2027,cuartel,TALAGANTE,Distribucion Analiticas Donar Uno (Talagante).xlsx
800,CAMPO ZÚÑIGA,modelo,ZUÑIGA,Codigos de Distribucion Analiticas Donar Uno (Zuñiga).xlsx
861,CEREZOS 2020,modelo,ZUÑIGA,Codigos de Distribucion Analiticas Donar Uno (Zuñiga).xlsx
866,CEREZOS 2024,modelo,ZUÑIGA,Codigos de Distribucion Analiticas Donar Uno (Zuñiga).xlsx
867,HUMIDIFICACIÓN,modelo,ZUÑIGA,Codigos de Distribucion Analiticas Donar Uno (Zuñiga).xlsx
878,CEREZOS ZÚÑIGA,modelo,ZUÑIGA,Codigos de Distribucion Analiticas Donar Uno (Zuñiga).xlsx
879,CEREZOS 2015,modelo,ZUÑIGA,Codigos de Distribucion Analiticas Donar Uno (Zuñiga).xlsx
880,CEREZOS 2014,modelo,ZUÑIGA,Codigos de Distribucion Analiticas Donar Uno (Zuñiga).xlsx
890,CEREZOS 2018,modelo,ZUÑIGA,Codigos de Distribucion Analiticas Donar Uno (Zuñiga).xlsx
897,CEREZOS 2019,modelo,ZUÑIGA,Codigos de Distribucion Analiticas Donar Uno (Zuñiga).xlsx
898,MACROTUNELES,modelo,ZUÑIGA,Codigos de Distribucion Analiticas Donar Uno (Zuñiga).xlsx
808,KIWIS 2026,cuartel,ZUÑIGA,Distribucion Analiticas Donar Dos (Zuñiga).xlsx
860,CIRUELOS ADULTOS,cuartel,ZUÑIGA,Distribucion Analiticas Donar Dos (Zuñiga).xlsx
862,CEREZOS SANTINA 2020-NORTE,cuartel,ZUÑIGA,Distribucion Analiticas Donar Dos (Zuñiga).xlsx
863,CEREZOS SANTINA 2020-SUR,cuartel,ZUÑIGA,Distribucion Analiticas Donar Dos (Zuñiga).xlsx
864,CEREZOS SANTINA 2019-NORTE,cuartel,ZUÑIGA,Distribucion Analiticas Donar Dos (Zuñiga).xlsx
865,CEREZOS SANTINA 2019-SUR,cuartel,ZUÑIGA,Distribucion Analiticas Donar Dos (Zuñiga).xlsx
871,CEREZOS GLOW 2024,cuartel,ZUÑIGA,Distribucion Analiticas Donar Dos (Zuñiga).xlsx
872,CEREZOS NIPAMA 2024,cuartel,ZUÑIGA,Distribucion Analiticas Donar Dos (Zuñiga).xlsx
873,CEREZOS TREAT 2024,cuartel,ZUÑIGA,Distribucion Analiticas Donar Dos (Zuñiga).xlsx
881,CEREZOS LAPINS 2014,cuartel,ZUÑIGA,Distribucion Analiticas Donar Dos (Zuñiga).xlsx
882,CEREZOS RAINIER 2015,cuartel,ZUÑIGA,Distribucion Analiticas Donar Dos (Zuñiga).xlsx
883,CEREZOS SANTINA 2014,cuartel,ZUÑIGA,Distribucion Analiticas Donar Dos (Zuñiga).xlsx
884,CEREZOS LAPINS 2015,cuartel,ZUÑIGA,Distribucion Analiticas Donar Dos (Zuñiga).xlsx
891,CEREZOS LAPINS 2019,cuartel,ZUÑIGA,Distribucion Analiticas Donar Dos (Zuñiga).xlsx
894,CEREZOS IVU 115-2018,cuartel,ZUÑIGA,Distribucion Analiticas Donar Dos (Zuñiga).xlsx
895,CEREZOS SANTINA 2018,cuartel,ZUÑIGA,Distribucion Analiticas Donar Dos (Zuñiga).xlsx
896,CEREZOS LAPINS 2018,cuartel,ZUÑIGA,Distribucion Analiticas Donar Dos (Zuñiga).xlsx
